{"cameraMode":{"drawMode":0,"name":"Shaded","section":"Shading Mode"},"sceneLighting":true,"audioPlay":false,"sceneViewState":{"m_AlwaysRefresh":false,"showFog":true,"showSkybox":true,"showFlares":true,"showImageEffects":true,"showParticleSystems":true,"showVisualEffectGraphs":true,"m_FxEnabled":true},"in2DMode":false,"pivot":{"x":6.900020122528076,"y":1.353327751159668,"z":-1.1708327531814576},"rotation":{"x":0.02849224954843521,"y":0.017992330715060235,"z":-0.0005209126975387335,"w":0.9994611740112305},"size":0.6878533363342285,"orthographic":false}